﻿<?xml version="1.0" encoding="utf-8" ?>
<!--Created:cb85b80c-f585-40ff-8bfc-12ff4d0e34a9-->
<App xmlns="http://schemas.microsoft.com/sharepoint/2012/app/manifest"
     Name="PowerPointProperties"
     ProductID="{1b318842-b55f-423c-bdc4-8bda5b7a1ea9}"
     Version="1.0.0.0"
     SharePointMinVersion="16.0.0.0"
>
  <Properties>
    <Title>PowerPointProperties</Title>
    <StartPage>~remoteAppUrl/?{StandardTokens}</StartPage>
    <InstalledEventEndpoint>~remoteAppUrl/Services/AppEventReceiver.svc</InstalledEventEndpoint>
    <UninstallingEventEndpoint>~remoteAppUrl/Services/AppEventReceiver.svc</UninstallingEventEndpoint>
  </Properties>

  <AppPrincipal>
    <RemoteWebApplication ClientId="*" />
  </AppPrincipal>
  <AppPermissionRequests AllowAppOnlyPolicy="false" >
    <AppPermissionRequest Scope="http://sharepoint/content/sitecollection" Right="FullControl" />
  </AppPermissionRequests>
</App>
