﻿<?xml version="1.0" encoding="utf-8"?>
<!--Created:cb85b80c-f585-40ff-8bfc-12ff4d0e34a9-->
<App xmlns="http://schemas.microsoft.com/sharepoint/2012/app/manifest" Name="PowerPointProperties" ProductID="{1b318842-b55f-423c-bdc4-8bda5b7a1ea9}" Version="1.0.0.0" SharePointMinVersion="16.0.0.0">
  <Properties>
    <Title>PowerPointProperties</Title>
    <StartPage>https://localhost:44300/?{StandardTokens}</StartPage>
    <InstalledEventEndpoint>https://instantintranetprojects.servicebus.windows.net/2292454324/612819704/obj/77eef656-1552-41de-b558-790ccbed4309/Services/AppEventReceiver.svc</InstalledEventEndpoint>
    <UninstallingEventEndpoint>https://instantintranetprojects.servicebus.windows.net/2292454324/612819704/obj/77eef656-1552-41de-b558-790ccbed4309/Services/AppEventReceiver.svc</UninstallingEventEndpoint>
  </Properties>
  <AppPrincipal>
    <AutoDeployedWebApplication>
      <DebugInfo ClientSecret="V/28gVa5tiqSIBFc3dTn6zEFKKeKoxOFWnsxHIzt2v4=" AppUrl="https://localhost:44300/;https://instantintranetprojects.servicebus.windows.net/2292454324/612819704/obj/77eef656-1552-41de-b558-790ccbed4309/" />
    </AutoDeployedWebApplication>
  </AppPrincipal>
  <AppPermissionRequests AllowAppOnlyPolicy="false">
    <AppPermissionRequest Scope="http://sharepoint/content/sitecollection" Right="FullControl" />
  </AppPermissionRequests>
</App>